,ticker,volume
352,IUSZ,5383993.525732383
512,IS0F,1634868.1979414094
187,IS03,1054409.731591449
515,SXRC,975117.8440221695
514,IS04,915433.5288994458
324,EXX1,839603.4357366771
504,IS00,839012.4330958036
194,QDV4,759326.8527315914
750,QDVR,604752.3190815519
83,QDVJ,574140.2003167062
318,EXW1,545936.012539185
643,CEMS,488074.783847981
360,2B7R,475049.5874901029
355,VUKE,427740.72842438635
883,IUS2,427322.1425178147
519,IBB1,413940.74921630096
756,EUNL,401817.42201108474
12,SXRS,396216.11243072053
846,QDVF,393925.63103721297
116,QDVL,379157.8362068966
77,EUNU,371576.6159936659
730,SGAS,355651.4053840063
132,OM3F,355315.8147268409
422,2B7U,354572.1053048298
513,2B7S,351322.7806809184
363,2B7M,346831.2169437846
964,EXSA,327625.157523511
361,VMID,304488.4204275535
728,PAUS,303872.9495351926
33,IUSG,302048.97228820267
459,IQQD,288364.0419635788
520,SXRH,287534.2992874109
81,IS0G,279451.2193190816
804,2B7K,278345.74901029293
490,SXRI,272254.3562945368
798,IUSN,256421.12193190816
853,QDVE,254159.072050673
34,EUN5,249690.67854315124
90,SXRX,243380.18448139352
966,EXV1,232405.58463949844
529,2B76,223777.9469517023
9,AYER,219944.14261315114
193,QDVY,208650.1757719715
745,QDVB,208267.97149643707
521,IBCC,206414.64528899445
208,QDVP,201544.84006334125
365,SECA,195162.06097560975
869,VUSA,188330.60095011877
601,IBC3,172619.04829770388
250,XCHA,172575.3388756928
149,36BC,170120.0340459224
319,LYSX,154147.06536964982
473,H4ZX,150969.6779661017
662,CEMR,149284.87068965516
516,AYEL,146437.42155309033
123,AYE2,143024.96417445483
902,IQQH,141012.7852614897
95,QDVQ,140202.4932699921
875,ESEH,140194.2319066148
491,EUNW,136932.207442597
880,O4J0,131459.97157190635
358,2B7I,130187.06254948536
96,2B7X,129982.62232779097
506,IUSH,126800.08392715757
778,EDMW,126469.84404388715
786,QDVW,126216.5866983373
587,10AF,125282.52529182879
179,2B7T,124954.83610451306
729,OM3L,124112.19002375296
761,IWLE,121770.36598746081
997,L0CK,121702.96912114014
225,IS3V,120582.61342395922
865,IUSA,117169.9873317498
88,SXRB,115274.59382422802
683,SGAJ,111215.59857482185
819,2B70,110323.8875692795
411,SXRA,105469.12430720507
976,EXH1,104108.48119122257
653,QDVX,103085.39655172414
999,IEVD,101436.20823436262
793,IQQ0,99901.47347585115
537,IUSP,99388.2224861441
645,EDM6,98681.29231974922
681,PAUJ,95450.73235685752
203,SXRF,95095.04592240696
151,UEEF,94530.34155251141
573,SEC0,93875.7754385965
505,IS0R,93701.52256532066
528,2B77,92850.92319873317
617,SLMA,91905.9670846395
825,XDJP,89704.04153605015
845,QDVK,89659.89311163896
797,IS3Q,87111.2692003167
145,SNAV,83472.13855898654
432,2B7H,83471.67458432305
712,4UB5,82158.70863024544
259,DBXD,81062.24451410658
860,10AP,79837.98020585907
313,ETBB,79078.82490272373
859,VOOL,77525.76557632399
467,GBSE,75748.21490196079
775,QDV3,74745.25574030087
599,84X0,74398.66666666667
527,USPY,72328.90736342043
309,EXSI,71707.73510971786
133,SUA0,66931.47447447447
288,U5MD,65871.42418772563
115,IE3E,64483.16718266254
870,VUAA,63969.51227236738
387,VGEU,60595.17445482866
713,2B7N,59912.80047505938
199,XUHY,59726.438638163105
109,EFRN,59389.431818181816
536,3SUD,56374.228056426335
840,ZPRR,56087.68883610451
370,VWCE,55853.986539984166
353,B8TT,55222.125890736344
858,2B7A,54336.51724137931
434,AYEK,53953.40887850467
312,ETDD,53775.83579766537
612,XD5E,53047.33699059561
498,UEED,53015.04878048781
1002,EXS2,52391.39655172414
861,AUM5,52360.91439688716
796,IS3R,52324.72604908947
251,RQFI,51529.34996041172
440,VJPN,51404.37054631829
315,EL4B,49963.349529780564
310,V50A,49395.92295719845
190,EUNE,48837.12747426762
533,SNAZ,48049.36062861869
415,IPRE,47802.86990595611
174,VGOV,46839.03325415677
10,AYEQ,45960.855919003116
774,XDW0,45595.013460015834
152,5UOA,45233.039376538145
909,SPY4,44848.66349960412
368,ZPRD,44847.84877276326
738,XZMU,44591.28028503563
901,ZPDF,43905.44180522565
124,AYE3,43092.89875389408
942,HTMW,42261.55567117586
421,IM2A,42055.87159533074
449,2B7V,41347.23294117647
732,XUFN,40765.34045922407
791,XZW0,40594.48218527316
400,EEPG,40560.17120622568
770,IBCZ,40531.270783847984
256,EL4A,39809.80094043887
134,GRON,39231.901378579
420,EEAA,38829.994552529184
855,IBCK,38120.54790182106
255,EL4F,38068.444357366774
424,IQQ7,37670.08788598575
758,LCUW,36947.58432304038
41,IE1A,36725.62912912913
339,FGEQ,36676.33095803642
357,DBXX,36512.29136975455
13,EXXY,35907.8973354232
295,EMEC,35447.16108949416
779,EMND,35112.25257323832
150,AYE1,34799.43847352025
146,IU0E,34656.9631661442
463,UEEG,34421.41879562044
885,IS0D,34241.44101346002
263,EXIA,33844.43502202643
844,2B7D,33241.13401253919
238,WTEJ,33111.27790973872
224,IUSY,32730.526524148852
330,EXSG,32656.51175548589
517,OM3M,32622.028213166144
241,XEYX,32395.084824902722
398,XUEM,32370.19587628866
640,IBC0,32140.74921630094
348,RIZF,31627.596654275094
616,EMUX,31578.447470817122
912,S6X2,31198.959619952493
17,ETL2,31188.790182106095
329,IQQA,31060.904205607476
740,QDVC,30727.02137767221
697,D5BI,30719.349960411717
876,XS5E,30716.86935286935
294,EXVM,30599.310344827587
371,VGWL,30577.0783847981
129,ASR3,30305.347859922178
757,IQQW,29931.680126682502
647,SLMD,29846.32053291536
271,EXSB,29414.609717868338
239,GC40,29295.34319066148
576,4BRZ,29055.347014925374
811,G2XJ,29035.034837688043
220,XDGU,29018.109436954797
993,EXSH,28608.2131661442
278,EXI2,28240.666144200626
153,36BE,27953.50861361772
22,SYBM,27367.78939034046
534,AYE8,27204.20998415214
351,H4ZB,27169.805225653206
40,SYBD,27122.304075235108
721,XD9U,27116.667458432305
356,XDUK,26979.866983372922
345,DELF,26946.330166270785
850,ZA30,26801.7491638796
918,UEFZ,26714.123613312204
867,LYPS,26688.380877742948
167,IS39,26559.009501187647
887,ZPDS,26304.296120348376
130,ASR5,26222.03346303502
419,IQQP,26085.253894080997
242,VOOP,25926.329961089494
323,LYBK,25601.48093385214
663,CEMQ,25512.744514106584
874,H1D5,25008.93774319066
443,XJSE,24838.96630094044
101,B8TQ,24743.13068181818
679,IS30,24732.916864608076
347,RCRS,24648.2423490488
21,IBCB,24576.261282660333
660,EUN0,24291.74030087094
882,XDEE,24112.56527249683
625,EMUS,23786.12373540856
905,ZPDH,23754.585114806017
590,IQQE,23740.18700475436
583,EL46,23406.151253918495
884,IS0C,23272.106888361046
169,SPPU,23144.039575289575
503,IS3K,23046.73475851148
915,IUS3,22988.356294536818
30,UEF6,22840.44
657,XZEU,22674.039184952977
646,EEUX,22440.340077821013
795,MVEW,22411.782828282827
716,ACU5,22384.442023346302
1000,DXSB,22165.009404388715
0,AYE7,22146.210384959715
998,IS4S,22109.56927949327
988,EXI5,22071.083855799374
790,AYEW,21697.483644859814
962,ETSZ,21210.646551724138
444,FLXK,21031.213776722092
307,ELFC,20945.01880877743
205,UEF0,20802.64
835,ZPRC,20771.257323832146
1,2TCA,20486.204049844237
342,FUSA,20469.998416468727
752,IUVE,20219.94671201814
535,IS3C,19563.794932699922
414,EEP,19555.179766536967
1008,UIQK,19448.15849056604
906,ZPDI,19039.015835312748
480,XDEP,19001.67868338558
369,SPYF,18716.79889152811
412,OM3D,18694.778305621538
789,XDWT,18603.999208234363
275,EUNY,18371.232779097387
931,PR1R,18187.721786833856
602,IUSE,18054.558986539985
802,EMWE,18022.719844357976
606,36B5,17997.669003115265
42,EUNT,17896.264449722883
990,EXV3,17716.278213166144
284,EXXV,17698.371473354233
682,EJAH,17698.364980544746
389,VERX,17355.920560747665
691,36B4,17230.08722741433
173,SYBQ,16581.1567695962
676,IBCG,16566.407759303245
257,EXIC,16375.693722943723
246,QYLE,16311.123046875
961,EUN1,16269.703761755485
184,TRDX,16261.910530482977
392,VFEM,16207.673792557403
951,TSWE,16021.380062305296
270,EL4W,15932.510971786834
649,IQQU,15848.001557632399
600,SADM,15676.973614775725
862,ESEA,15624.912840466926
717,EL4Z,15272.07053291536
731,ESGU,15247.62391132225
221,XDGE,15236.819749216302
93,VGTY,15181.552652414885
327,DXSA,15059.782915360502
78,SYBZ,15041.635787806808
735,XUTC,14911.920823436263
196,TIUP,14644.710213776722
384,VGEJ,14524.631828978623
532,TIGR,14189.735897435898
14,ETLF,14184.59065716548
373,VGWD,14063.106096595408
785,AYEG,14058.971818958156
734,QDVD,14054.67775138559
341,FUSD,14046.319749216302
450,LYMK,13888.70739299611
197,SYBY,13864.890736342042
188,EUNX,13798.068091844814
592,SPYM,13789.425969912905
633,D6RR,13686.47577092511
497,IBC9,13659.49406175772
603,10AR,13636.869358669834
97,IBC7,13636.759714512293
87,IS0X,13614.06017418844
120,A4H8,13545.185214007783
43,IEXA,13541.921052631578
769,XDWS,13503.790182106097
929,EAH,13348.212086659065
117,EUNS,13079.595611285267
877,XDPE,13005.728056426333
28,EUNH,12982.26207442597
886,ZPDK,12948.05146476643
852,SPPY,12890.484502446981
178,SYBL,12843.438638163103
707,IBCJ,12820.730007917657
210,SYBT,12760.851939825812
864,SXR8,12754.894901960784
366,SECD,12706.377110694184
733,XUHC,12697.86460807601
410,IQQ6,12687.65530903328
141,XBAE,12493.30407523511
868,SPY5,12478.170229612035
25,LYTR,12462.599388379205
273,EXXW,12236.937304075234
328,EL4G,12229.039184952979
502,UINF,12178.709422011085
591,LNY4,12152.233333333334
113,UIQL,12109.476078431373
61,LMTH,11959.569306930693
615,EMNE,11893.753918495298
304,WMIN,11844.3855898654
806,H41D,11666.990654205607
442,XU8Z,11626.323063380281
492,XHY1,11579.094043887148
209,TRDS,11518.197941409342
742,IQQ2,11515.081551860649
719,SC0H,11380.377672209026
433,EUN3,11296.29849564529
933,ELFB,11287.119122257054
689,QUEJ,11205.59766536965
331,IQQS,11153.159144893112
346,DELG,11099.815518606492
177,SYB5,11069.309580364212
172,SYBS,10852.707046714173
992,EXSD,10634.55250783699
240,AFIH,10601.55953307393
376,IQQC,10564.946951702295
24,EMSB,10469.329374505147
142,V3GE,10371.486218302094
103,SYBJ,10285.42711598746
748,ZPRV,10265.434679334918
595,SPYA,10261.79809976247
29,VGEB,10196.92679127726
916,ZPDU,10175.398258115598
155,4UBE,10149.256938937351
316,SC0D,10012.55250783699
409,AYEP,9952.855015673982
1001,AYEU,9772.384905660378
501,TCBT,9761.865264797509
452,VNRA,9754.300079176564
99,OM3H,9705.98495645289
566,IQQF,9672.490491283677
743,IUME,9577.566893424037
766,WPAB,9500.302150537635
260,XDDX,9465.989811912226
666,10A2,9453.971984435797
946,TABC,9441.473473473474
972,EXH3,9438.243730407523
438,GASF,9413.675911251981
185,LYX7,9398.67775138559
107,V3RE,9298.19540229885
176,SYBG,9217.47901821061
36,VECA,9216.648119122257
560,VDIV,9116.273364485982
823,HNSC,9087.158333333333
892,WELU,9031.539007092199
461,H412,9015.544091710759
128,XB4F,9007.764106583072
665,ZSRI,8921.85971786834
924,ETLH,8869.869358669834
94,VDTE,8861.38383838384
437,IQQI,8824.023771790808
38,D5BG,8819.297805642633
684,36B2,8793.2492211838
276,SPYJ,8671.823436262866
468,XGDE,8645.759963768116
79,SPFE,8605.993730407523
1019,WTEM,8571.94853523357
803,EWRD,8544.789105058366
435,VGER,8513.728840125392
335,FYEQ,8476.665083135393
741,MVEA,8427.54292929293
258,LYY7,8378.246865203762
311,V50D,8363.355642023347
821,WTI2,8356.839271575614
563,XAXJ,8269.950118764846
943,T3KE,8249.194774346794
567,IS3Z,8216.390651085141
202,SYBR,8153.0918448139355
39,XEC1,8135.500622665007
317,S6X0,8082.358934169279
994,SELD,8037.262376237623
814,EQQB,8020.139622641509
58,LYQ2,8019.40862745098
659,QDVV,8004.14172604909
908,ZPDM,7979.499604117182
753,ZPRU,7930.258115597783
847,XZEW,7920.338645418326
704,APJX,7793.350785340314
896,SPYV,7753.720506730008
787,XDWI,7749.074425969913
631,DBXA,7739.570071258908
102,EDMA,7727.842438638163
871,XDPU,7632.589825119237
959,AE50,7612.460700389105
236,PJSC,7513.866983372922
27,SYBA,7477.913793103448
404,H4ZL,7469.301662707839
4,EXXX,7441.122257053292
374,H4Z2,7439.731729879741
105,XGBE,7428.605889014722
340,FGEU,7364.210815047022
675,36BH,7339.9928684627575
754,XPAN,7290.34375
494,TGBT,7277.795950155763
416,D5BK,7264.431512272367
118,ECR3,7252.011914217633
764,HPAW,7175.508158508159
970,AME6,7168.036575875486
89,VUCP,7155.805225653206
362,DBXY,7146.365003958828
834,OPEN,7120.690419635788
813,EQQQ,7095.4447058823525
989,EXH8,7036.757053291536
726,XUCS,6990.541567695962
507,IS3F,6969.216152019002
815,XNAS,6951.322051282052
768,LYPB,6894.965014577259
499,XQUE,6768.270376175548
272,IQQX,6761.561806656101
559,EXID,6714.199134199134
736,IUSF,6698.135391923991
26,SYB3,6694.78605015674
249,BNXG,6612.739509105305
524,CL0U,6573.495495495496
408,IQQ4,6572.628865979382
596,LEER,6561.228015564202
841,XRS2,6520.47901821061
971,EXH2,6429.580721003134
995,EL4D,6407.55485893417
555,DX2D,6407.525862068966
388,H413,6406.745598591549
854,SPY1,6404.382422802851
848,WELE,6345.087962962963
518,SXRM,6294.6949286846275
45,SXRN,6257.973079968329
954,H3R0,6231.434738955823
760,XDWL,6208.692551505546
131,ASRT,6205.635294117647
722,XD9D,6197.212121212121
703,EUNJ,6104.036421219319
287,EXX5,6097.48197492163
380,VGVF,6067.684085510688
849,5ESG,5969.536013400335
168,SPPS,5965.618975903614
694,IQQK,5948.205229793978
794,UEEH,5906.063985374772
958,CBUV,5879.529527559055
558,NUKL,5850.023809523809
471,TRET,5846.7842679127725
711,UFMB,5842.653474054529
479,EUIN,5838.329182879377
678,UFMA,5830.780918727915
923,ETLR,5756.099127676447
1012,W1TA,5738.556109725686
106,IS0Y,5732.286619160728
201,9V60,5716.8899445764055
451,DBXI,5689.896551724138
462,DXS7,5682.774346793349
701,H4ZH,5674.722090261283
326,IQQM,5670.39746634996
364,LYTG,5617.869358669834
759,LYYA,5598.851361867704
589,EMSM,5576.946159936659
170,SYBK,5576.555819477435
337,FEUI,5531.908946951702
634,SPYT,5492.458365758755
820,QCLN,5420.729793977813
253,EL4X,5417.004702194357
391,VFEA,5403.923198733175
91,VUSC,5401.302454473476
92,VAGE,5368.224137931034
222,IUS5,5289.837688044339
127,XB4D,5210.912826899128
80,SPFF,5150.899176954733
805,XDWU,5113.55423594616
243,DX2G,4899.845611285266
175,VGUE,4844.670642201835
500,AYEN,4810.762809917355
1006,BCFU,4749.560570071259
928,AW1A,4748.481774960381
56,IBCI,4736.773364485981
715,CUIK,4713.255729794933
448,X13H,4640.070038910506
629,LYY5,4629.174319066148
344,WRLD,4615.791812865497
609,ESRI,4609.583657587548
476,FRNU,4604.333073929961
274,EXXU,4593.703761755486
544,ASRC,4577.067010309278
395,H4Z1,4563.5687732342
206,UEF7,4493.6986518636
69,SYBB,4439.3597178683385
812,10A4,4433.916072842439
920,7RIP,4423.697621744054
381,VGVE,4421.468725257324
941,KLMH,4404.605015673981
54,FRC3,4375.42868338558
252,ETLX,4358.882818685669
112,9E0E,4346.557939914163
297,BJLE,4336.665129151292
63,LYQ3,4323.471372549019
367,AYED,4284.027484143763
930,PRAC,4271.128720836686
755,MWOE,4268.624213836478
767,XDWC,4258.186064924782
879,SP2Q,4241.111471861472
952,XSMC,4221.064976228209
157,XGUE,4215.6217440543605
843,IUHE,4214.5517841601395
204,UEF9,4214.0
776,XDEV,4199.732075471698
557,S0LR,4198.89774078478
530,EMA5,4176.5353634577605
638,SPYC,4171.68145800317
985,SC0X,4157.7836990595615
674,LCUJ,4139.428231562252
111,PR10,4138.337157987644
180,TRD3,4127.638954869359
482,DBXP,4115.1630094043885
685,XDNE,4084.3260188087775
792,XZWE,4077.720887245841
19,VGEM,4076.2058590657166
975,EXH6,4044.058777429467
895,WELD,4019.3368794326243
290,EXHB,4016.705329153605
661,MJMT,4004.5385214007783
372,VGWE,3991.300079176564
809,LYT6,3978.0348258706467
73,XSVT,3965.9200316706256
223,XGIU,3944.7727272727275
245,CSDA,3936.954954954955
642,SPYN,3922.4264591439687
293,EXHD,3875.4341692789967
577,IQQB,3847.582408874802
816,HNDX,3783.7953307392995
950,XESD,3783.39263322884
46,IBCA,3771.042834890966
436,V3AL,3721.332618025751
2,JMLP,3707.4167424931757
588,EL40,3706.1771159874606
211,TRFE,3698.0742778541953
214,TRD7,3695.826603325416
423,UKPH,3693.5606758832564
900,ZPAB,3691.8342151675483
826,WTEH,3682.5733333333333
881,XDEW,3662.1909667194927
913,SML3,3644.0015835312747
911,DX2Z,3638.406026962728
878,SML2,3615.9874776386405
428,XBO2,3589.6117647058823
37,VECP,3582.564641744548
564,LASP,3568.6560311284047
472,LHKG,3562.893536121673
254,CG1G,3550.2396887159534
893,WELI,3544.886524822695
838,RS2K,3521.287159533074
227,XG7U,3513.296120348377
540,A4HC,3478.875486381323
52,IBCN,3469.8294392523367
230,VLEU,3458.506614785992
725,XUCD,3450.7988915281076
478,WTEB,3441.099607843137
156,UET0,3435.004705882353
891,WELG,3412.145390070922
937,GN0M,3394.976833976834
57,LYQ7,3378.067450980392
899,XUEK,3369.9866771159873
651,XS7R,3366.5689655172414
47,SXRQ,3362.307210031348
267,EL4V,3328.449843260188
212,T3RE,3280.2751031636863
622,UIMY,3277.639498432602
963,SC0C,3277.3738244514107
686,XDNG,3272.500395882819
644,D5BL,3248.0172413793102
154,XZHY,3245.4851973684213
1003,EXIB,3239.751082251082
8,ABCH,3207.5118858954042
751,UBU5,3198.230769230769
523,BUG,3194.994784876141
191,SYBF,3194.254948535234
386,H41C,3179.8442844284427
739,XZMD,3177.3963691376703
1015,WTDH,3172.593032462391
723,XD9C,3167.6061806656103
379,CGB,3150.722570532915
957,VS0L,3133.5327564894933
237,PM9I,3097.9992082343624
269,EL4U,3094.378526645768
314,ELFA,3070.3942006269594
996,CBUN,3053.980769230769
31,A4H7,3047.084046692607
866,LYP7,3028.2420233463035
32,PSFE,3005.282131661442
264,ELF0,3001.2578369905955
636,SPYR,2992.6739299610895
470,GACA,2986.2992874109264
940,UBUD,2984.964314036479
474,FRNE,2959.156420233463
279,L8IF,2946.088715953307
110,EUN4,2916.6144859813085
695,LKOR,2913.9455252918287
135,ASRF,2894.279958677686
910,ZPRA,2883.783676703645
511,ZPR6,2856.421630094044
692,H4Z9,2810.633412509897
960,EL4Y,2785.8150470219434
338,FEUQ,2779.0126782884313
706,USUP,2759.598214285714
285,IUSL,2756.7790973871734
466,DBZB,2754.4827586206898
266,EL4S,2746.8800940438873
261,XDCH,2743.3639968279144
403,10AJ,2726.57131661442
228,GSDE,2701.3169781931465
183,SPPX,2700.8239492466296
181,SYBW,2670.628661916073
70,EUN6,2637.398753894081
749,4UBD,2609.221079691517
594,DBX1,2597.9152810768014
771,IS07,2568.9365203761754
477,FRNH,2553.5929961089496
956,SLNC,2545.6606606606606
1007,BCFE,2537.1543887147336
818,FKU,2529.114988104679
547,10AT,2512.136186770428
138,AHYH,2493.835978835979
163,XYLD,2493.3760886777513
453,VNRT,2472.003958828187
277,SPY2,2454.342042755344
144,XCO2,2445.224921630094
292,EXHC,2431.6097178683385
720,DBXU,2418.7814726840857
192,SYBN,2412.7046714172607
688,IUS4,2407.8392715756136
652,SPYH,2404.846692607004
488,IBCS,2396.1144859813085
195,IUST,2394.809825673534
148,LYXE,2392.686567164179
586,XMKA,2372.403647898493
620,18M2,2360.8070038910505
664,UIW1,2342.9128630705395
863,H4ZN,2309.262987012987
67,LYXD,2305.4280155642023
888,WELM,2302.4777975133215
690,JSRI,2283.0949019607842
265,EL4R,2240.800156739812
687,XDNU,2213.8178939034046
425,XGVC,2209.7072784810125
839,ETLZ,2186.780680918448
5,XB4A,2176.0352664576803
336,FYEM,2169.7115987460816
55,FRC4,2168.2515673981193
429,18M1,2129.421011673152
215,SPP3,2126.379255740301
584,LCHI,2117.84046692607
935,PRAW,2116.752642706131
922,ETLK,2105.5618066561015
48,IBCM,2098.9556074766356
207,T1OD,2098.1952554744526
457,6PSA,2091.297021943574
574,LSMC,2089.4377358490565
289,EXHA,2085.0869905956115
460,XT01,2073.607276119403
610,B8TI,2065.9043103448275
525,XFIN,2058.9491525423728
830,PM9J,2056.3871733966744
7,VBTC,2036.897810218978
136,XZHE,2025.7085987261146
801,4UB1,2011.2760683760685
53,EUN9,1988.3652647975077
510,ZPR5,1982.553882725832
829,LDCE,1971.844827586207
171,EUNQ,1962.633412509897
889,WELP,1869.3989361702127
851,5ESE,1862.8447837150127
762,DJAB,1862.7143968871596
454,V3YA,1854.0189655172414
332,IQQG,1829.3271028037384
458,FAHY,1825.4766429136976
550,SEAD,1778.273510971787
350,FLXU,1774.8675654242666
71,IS0L,1730.7941409342834
291,EXX6,1729.5987460815047
597,XMEA,1726.848772763262
405,H4Z7,1714.395
949,ETLI,1704.6302454473475
817,6PSQ,1697.6769596199524
702,SXR1,1663.2242472266244
827,PJSA,1656.7046714172604
235,PDSE,1639.1293103448277
585,ICNT,1637.496583143508
59,LYQ6,1623.835294117647
441,VJPE,1622.5978964401295
894,WELV,1620.7606382978724
927,VOOM,1610.1702127659576
378,AH50,1594.3612852664576
727,IQQ3,1565.405384006334
426,XZWG,1536.3986842105264
621,XZEZ,1534.059595959596
613,XD5D,1519.4766058683585
84,AYEH,1514.5907883082373
64,SYB4,1510.7648902821318
724,HPAU,1503.8319427890347
939,10AE,1499.228793774319
545,EM1C,1497.4109263657958
281,SXRU,1456.6315372424722
325,ZPRL,1456.2648902821318
522,02F0,1441.219319081552
486,DBXQ,1412.4059561128527
671,XAIN,1411.9353846153847
569,GENY,1404.093220338983
607,H41E,1398.940119760479
914,SMLX,1382.6896278701504
216,T7EU,1376.4209078404401
608,XU6C,1375.1253918495297
456,6PSK,1374.0238095238096
51,IBCL,1373.71261682243
100,B8TR,1373.5724465558194
62,DFOB,1369.0185185185185
82,SPFB,1350.8283582089553
578,XCS6,1350.153374233129
49,SYBV,1340.8871473354232
991,6TVL,1339.4521739130435
777,PAUD,1334.2916111850866
623,XMVE,1324.4498432601881
377,DBX9,1309.9825811559779
890,WELY,1307.3031914893618
710,DBX5,1306.1949286846275
1016,WTES,1269.4631828978622
832,XPPE,1249.6762523191094
614,LGQG,1249.2277227722773
166,XZBE,1247.7889105058366
654,SPYQ,1247.6412451361869
320,UIM1,1240.0925490196078
655,SPYK,1228.7743190661479
783,LYPE,1217.6054901960783
189,SYBU,1213.4473475851148
234,VALU,1212.9369649805446
6,BITC,1206.2316326530613
980,SC03,1205.8221003134797
18,XCMC,1202.9832041343668
919,XSLE,1202.4285714285713
709,H4ZU,1195.5930324623912
1018,WTEQ,1188.7498020585906
439,DE5A,1184.379766536965
375,IQQ9,1179.9270420301348
300,XU61,1158.9120879120878
837,18MR,1156.588326848249
718,H4ZD,1152.336507936508
982,SC0Y,1144.9059561128527
481,IUS6,1131.5093457943926
282,EXI3,1123.8064263322883
917,DX2S,1123.4385408406026
121,AHYC,1121.946957878315
283,DJAM,1112.7113725490196
575,540F,1106.4241245136186
306,XAMJ,1101.6774758983347
700,ENOA,1096.9395129615082
934,PRAE,1096.2790322580645
427,XZEG,1093.7524893314367
496,EL4P,1078.3550156739811
446,KX1G,1072.7564202334631
699,CN1G,1068.6747081712062
556,F701,1066.1974921630094
20,IS0S,1056.1268834258526
3,2TCE,1051.611370716511
417,ZSRL,1046.837354085603
626,LGWS,1043.4833333333333
418,XREA,1043.108934169279
773,WDNR,1035.3704280155641
921,ETLQ,1034.0285035629454
475,AHYE,1011.4731517509728
526,FTG2,1007.6848772763262
85,SPFU,1004.6343283582089
182,DJAD,1004.272373540856
108,V3RF,1001.263358778626
305,CETH,991.1256544502618
200,XUHE,984.725
873,XDPC,979.9104595879556
74,IS0K,979.193982581156
485,DBXG,976.5101880877743
16,CMOE,974.5156985871272
551,JP4H,965.060700389105
35,SYBC,946.9758754863814
465,XGVD,945.7029780564263
648,540H,942.9992217898832
1004,JPNH,942.8420233463034
744,4UB8,927.1925515055467
399,XUEE,924.1394769613947
186,SPP7,923.513084853291
656,XS8R,909.4459247648903
321,NK4B,900.3182897862233
624,LGWU,896.460396039604
268,EL4T,884.4435736677116
981,SC0T,878.2460815047021
968,E960,869.2092476489029
164,XYLE,855.9255485893417
658,DXSC,851.2186520376175
322,LYQ4,847.615993665875
788,LYPG,840.5694117647059
856,FLX5,837.6453965360073
394,V3ML,834.5888888888888
382,V3PA,832.9537037037037
431,CB3G,828.8964980544747
15,PCOM,818.4359313077939
1020,WTIZ,818.215360253365
546,JGHY,817.7981952420016
44,EUNR,816.9896907216495
872,8P10,808.5665610142631
126,XZE5,805.9472247497725
430,PJEU,804.1796078431372
125,LYEB,804.0166534496432
605,SPYX,797.0720506730008
455,PSWD,780.7584905660377
508,D5BE,780.4096671949287
122,LYQY,773.2277227722773
627,D6RA,770.3518987341772
23,SPFA,765.4095238095238
938,HYCN,753.295358649789
531,ASRN,750.3835820895522
667,ZPRW,749.5879556259905
538,JMBA,735.6843774781919
86,SPFV,733.4888059701492
493,EL4K,732.3675548589341
598,SBIM,724.1461187214612
822,BBCK,722.9325931800158
343,FLPE,711.0506666666666
983,SC06,702.2797805642633
604,XDEX,699.9279493269992
1014,WTD8,694.5281076801267
763,LWCR,685.7922077922078
104,ASRX,685.7276119402985
925,ES6Y,684.3681415929203
160,V3CE,677.574427480916
397,XUEB,673.1116708648195
737,EL4I,672.0133228840125
140,AHYB,668.9655712050078
799,H41G,668.031894934334
98,IS0Z,662.7426761678544
165,XZBU,643.0504672897197
158,V3CU,637.1315280464216
639,DXSK,632.0462382445141
401,CSYZ,625.7714285714286
549,JA13,624.9841646872526
541,10AL,623.9012539184953
898,ZPD9,615.480533926585
668,X13J,614.7120622568093
76,10AM,608.2617554858934
677,ZPDW,606.8706896551724
539,JPBM,601.5684877276326
932,ELFD,601.1363636363636
708,AMES,599.8941176470588
119,TCC4,595.2379182156134
244,ADAA,594.0363901018923
393,V3MA,576.8669131238447
349,C9DF,570.2306451612903
984,SC05,567.9310344827586
977,SC0W,548.7648902821317
302,ASRP,540.9123036649214
226,XGII,534.4882445141066
973,EHLT,531.8967741935484
483,X03B,530.3001567398119
1005,10A1,528.0926070038911
904,AFID,527.3217115689382
50,EUN8,523.9992211838006
218,T1EU,522.7439330543933
672,H4ZC,520.6161776367962
217,TRD1,520.0659072416599
390,LGGE,517.2165397170838
780,ASRY,512.9254901960784
72,EHBD,505.3781990521327
464,XG7S,504.5752351097179
219,XDCC,504.46268656716416
562,LASI,502.94708171206224
495,EL4M,502.05956112852664
159,V3CD,500.25825242718446
670,LYXI,499.031906614786
552,FLXD,494.90102929532856
986,SC0Q,492.8158307210031
907,CBUW,491.010989010989
1010,G1CE,488.9811320754717
65,LYXC,488.12852664576803
593,UIMI,474.2947702060222
553,FLXX,472.061757719715
542,BBEG,471.16457680250784
955,WNDY,469.3380281690141
396,EHDL,462.03579766536967
781,ASRW,459.2748091603053
965,STXH,454.7443181818182
406,LMWE,454.6980198019802
1017,WTD7,452.02929532858275
630,SPYE,450.59635210150674
926,LADR,449.358024691358
114,4UBF,447.2283901665345
385,LGGA,435.3028322440087
383,V3PL,431.8450184501845
161,LGQA,425.85
262,XDUD,421.72727272727275
580,CASH,418.2218700475436
765,SPFW,417.85343511450384
1013,WBKN,413.29557522123895
948,THNZ,410.705467372134
669,18MK,409.78988326848247
903,ZPD3,403.6813559322034
978,SC00,398.3158307210031
680,HJAP,395.47984395318593
842,AFIA,393.50272373540855
469,GACB,393.0396510705789
637,XZEC,392.17727272727274
308,EHDV,387.73396674584325
628,SC0E,385.01097178683386
632,UIMF,381.7643362136685
445,X1GD,377.25525291828797
696,DBX8,372.5091197462331
831,VZLA,368.5846279640229
828,PM9K,368.166270783848
554,CLTC,367.9891891891892
402,ASRM,359.359477124183
693,CEBJ,354.3145800316957
782,LYPD,345.6792156862745
836,21XP,340.18688524590164
807,LYS4,338.19844357976655
974,LIGS,337.0086956521739
75,10AU,332.40342679127724
673,SC0I,328.2507836990596
147,LYX8,328.1831683168317
857,QVMP,324.37688044338876
641,AMEE,323.09027237354087
808,LYS5,320.62568093385215
543,JE13,314.13098039215686
1011,G1CD,311.7857142857143
579,C024,311.6332574031891
635,DXSG,308.2554858934169
897,ZPD6,304.96375990939976
800,MWSH,303.1543756145526
334,ASRV,300.038062283737
447,X13G,299.336186770428
967,E6BR,279.84615384615387
299,ASRZ,279.2275574112735
162,LYXU,273.76271186440675
833,VDOT,271.8490099009901
561,BBUD,267.3624107850912
969,OSX6,261.42334630350194
413,REAL,251.05836575875486
944,XNZE,246.82657342657342
233,QUEU,246.12062256809338
565,HP2A,242.19126506024097
68,MTDD,240.15334572490707
953,USTP,239.25940438871473
747,XCUD,234.78464818763325
947,JPCE,232.13387978142077
714,GNAZ,229.76420233463034
60,NADB,227.34479553903347
582,CNUA,219.9811320754717
618,AW1H,216.20493827160493
509,OG35,215.12972508591065
936,PR1W,214.33333333333334
484,DBXF,213.21238244514106
137,AHYF,211.59344262295082
247,WTRE,210.33333333333334
548,AHYA,209.18408736349454
487,X03C,207.76880877742946
231,VLUS,205.9182879377432
987,SC0Z,183.59952978056427
66,EGV7,180.39591078066914
303,BJLA,177.54279749478079
359,6RQ0,176.54790182106098
698,CEBG,175.6917591125198
746,UBUR,174.53169572107765
143,B8TD,171.45081967213116
198,IBC5,171.16864608076008
979,SC02,170.25313479623824
354,UIM3,168.3293650793651
407,LMWU,166.0456852791878
650,ESGX,165.39744952178535
286,C030,158.59072741806554
824,DBX7,132.81378763866877
333,H41A,114.40994854202401
705,BCFB,107.6360153256705
568,XGEN,107.20603015075378
945,XNZW,93.92296718972896
139,8OUU,88.42105263157895
11,JCHE,81.54380664652568
570,XG12,75.7246963562753
611,ZPRE,73.695479777954
619,LGWT,73.13461538461539
301,BJLB,69.50617283950618
810,REUS,61.77902621722846
489,XLIQ,61.19827586206897
298,ASR1,59.03757828810021
229,EDEU,58.1579766536965
232,VLUD,55.27137546468401
572,XDGI,46.902542372881356
571,SDG9,45.185110663983906
581,CNAA,29.38656195462478
280,AHYI,23.479166666666668
772,X136,14.621134020618557
248,WTER,11.119887165021156
1009,UC90,4.205223880597015
296,BJLC,2.9561586638830897
784,7H60,0.02458366375892149
213,ZPR1,0.0
